{"cameraMode":{"drawMode":0,"name":"Shaded","section":"Shading Mode"},"sceneLighting":true,"audioPlay":false,"sceneViewState":{"m_AlwaysRefresh":false,"showFog":true,"showSkybox":true,"showFlares":true,"showImageEffects":true,"showParticleSystems":true,"showVisualEffectGraphs":true,"m_FxEnabled":true},"in2DMode":false,"pivot":{"x":-196.0854034423828,"y":962.3328857421875,"z":-1218.728271484375},"rotation":{"x":0.004444793798029423,"y":0.8790708184242249,"z":-0.008179851807653904,"w":0.4765927493572235},"size":1478.0030517578125,"orthographic":false}